<?xml version="1.0" encoding="UTF-8"?>
<project-private xmlns="http://www.netbeans.org/ns/project-private/1">
    <editor-bookmarks xmlns="http://www.netbeans.org/ns/editor-bookmarks/2" lastBookmarkId="0"/>
    <open-files xmlns="http://www.netbeans.org/ns/projectui-open-files/2">
        <group>
            <file>file:/C:/Users/Igor/Documents/NetBeansProjects/CadastroMusica/src/fonte/Genero.java</file>
            <file>file:/C:/Users/Igor/Documents/NetBeansProjects/CadastroMusica/src/fonte/Album.java</file>
            <file>file:/C:/Users/Igor/Documents/NetBeansProjects/CadastroMusica/src/fonte/Principal.java</file>
            <file>file:/C:/Users/Igor/Documents/NetBeansProjects/CadastroMusica/src/fonte/Musica.java</file>
            <file>file:/C:/Users/Igor/Documents/NetBeansProjects/CadastroMusica/src/fonte/Conexao.java</file>
            <file>file:/C:/Users/Igor/Documents/NetBeansProjects/CadastroMusica/src/fonte/Artista.java</file>
        </group>
    </open-files>
</project-private>
